27935549.99,29307055.85,29659194.64,29432432.43,28646774.9,21294783.16,20572860.96,23924520.38,30842253.3,29558753.76,28413863.09,47797320.45,49724294.95,48613287.09,56200248.57,57610600.44,67866421.47,69152441.74,67097374.04,70596129.03,67512697.12,63101272.37,72259045.96,90148518.06,102220914.8,106149546.4,104668674.7,123002259.2,135044455.6,127125253.5,150431113.6,172253739,174984468.8,168951535,166756805.5,145237022
59099998.96,66218517.35,72051850.58,79925924.51,89848146.56,98585183.44,112074072.1,126348145.9,143766664.1,153374071.4,166322219.3,180437033.9,191759255.9,200418515,215459255.5,224037033.1,236444440.3,245781477.1,258440736.2,267740736,335845808.9,343119364.3,337695734.8,350091216,374771474.9,370370370.4,390370370.4,421481481.5,458148148.1,489259259.3,493703703.7,501481481.5,485185185.2,506666666.7,524605000,537777777.8
82340331.88,102086553.8,113759183.2,122255331.2,135024997.6,145641701.1,160846663.8,175580626.5,200726700.2,214744996.2,240365255,254829629.6,277954111.1,286307814.8,289438481.5,316008481.5,331489703.7,347770000,373619851.9,390719148.1,396270000,430040370.4,461883444.4,481806296.3,521975111.1,550728666.7,610778296.3,651436074.1,695428851.9,674922481.5,681225963,676129407.4,692933740.7,720636185.2,729738560.4,751373263
67715443.25,79026035.64,84381405.92,85100479.98,95898442.75,106056998.1,125272257,140705627.1,165745737.8,185094774.5,208740440.8,209880963,229434518.5,249676000,277567259.3,299699666.7,318742963,357237682.1,364975456.9,389984428.9,420086753.4,460467986.5,480825603.4,463418863.3,501150888.9,543169963,636071000,684148703.7,734660333.3,708891296.3,692457407.4,728050629.6,731919888.9,787290370.4,864766185.2,921888851.9
83614813.34,87888887.34,95229627.95,101211109.3,110099998.1,128211108.8,144011108.6,167229626.7,184533330.1,213066662.9,221070366.5,241570370.4,250914814.8,250259259.3,261777777.8,276296296.3,294651851.9,304940740.7,340814814.8,379629407.4,520044370.4,520444185.2,540336925.9,591018407.4,599118592.6,695370296.3,698518518.5,758518518.5,825925925.9,771278111.1,771015888.9,778648666.7,799882148.1,842571333.3,911803777.8,978148148.1
110653830.7,154731969.7,165523634.5,163577538.3,138478900.6,143856253.1,130225018.8,173836362,164458120.3,213143016.4,243961995.5,257150573.2,226313492.7,236880813.8,235619994.8,253966919.9,270419779.4,268551010.9,206457553.4,224446652.1,370173851.9,392278164.4,415843479.8,476388249.3,531109346.8,586791836.1,591829897.5,695606313.9,864107768.3,825796952.7,847491366.9,1105497904,995582730.6,1026663833,1109009638,1056851008
168715353.1,187313261.3,188446092.1,180219397.5,252806783.4,232306861.2,210737869.7,238606299.6,310684273.7,332286760.9,302515026.9,320355090.6,378778047.2,410923236.2,464756638.5,519334096.7,565163750.6,567919502.8,471177008.1,482214092.3,435101217.5,400464594,341663056,332736306.5,375109694.3,413911362.3,456707935,516074229,608292551.5,597762270.8,671585231.6,886503123.8,1025124684,1059695156,1158190175,1156834751
110066664.7,124462960.8,137951849.4,153270367.7,173511108,201862959.4,245896292,286474069,338696290.3,373403697.1,391570363.5,410388888.9,423762963,456537037,500088888.9,494185185.2,541074074.1,579851851.9,620037037,651851851.9,783837851.9,773765185.2,802529333.3,839996370.4,898356148.1,997374111.1,1135143593,1289254333,1347349852,1206410370,1135539037,1129918370,1204713111,1200587519,1220976000,1297285370
133414812.5,152244441.8,143588886.4,154503701,197088885.4,189166663.3,225777773.8,242385180.9,273977772.9,311511105.6,397192585.6,431470370.4,477996296.3,492029629.6,517566666.7,560811111.1,566370370.4,604411111.1,657529592.6,692507407.4,780895370.4,742383570.8,746048893.3,810093360.7,890757609.7,946681289,1074708501,1173341556,1194493407,1186800333,1249497000,1290025296,1311133148,1334385778,1404430556,1436390326
147357222.8,154902869,147912069.8,146712850.5,151313242,168887539.1,207850623.6,249267039.8,283828769,304832867.4,368584758.9,374359556.1,433667193.8,473916819.5,486451204.6,508221508.2,503068472.2,562958836.5,608369282.2,622985493.7,614879764.8,622262057.2,697518248.2,705704816,839319927.3,919103254.5,1016418229,1033561654,967199594,847397850.1,969936525.3,1065826670,1134267367,1411061261,1422530792,1437722206
797048197,694803624,748312391.4,658679332.6,637820670.6,864849836.8,1122265015,1200991976,1264899288,1233930279,1440711459,1377375031,1411917558,1278781167,851174350.6,1115389732,1007791186,937741468,967338348.7,999477510.7,914500299.1,931833302.8,991387870.1,1139754799,1270080251,1350301057,1460562038,1698125618,1985370058,1981728141,1986014846,2212699747,2184183758,1494073354,1691091492,1503299944
142246875.5,139468114.6,140630758.6,138476239.4,132019065,137728155.2,190651208,235253171.8,264308140.3,267448513.1,306891107.3,319827058.6,357160985.3,490417389.7,406580652.3,487148993.5,501979069.3,490608657.9,521910560.5,592416703.1,539227277.6,563024383.3,620974660.2,813963830.2,924318490.8,971977088.2,1107891063,1513933983,1789333749,1711817182,1664310770,1864824081,1751888562,1837908563,1871187071,1629759975
194750000,192900000,179250000,189000000,210900000,209150000,227850000,276550000,314900000,363150000,413050000,444720750,518239100,559858250,580863700,620140400,641383800,654314350,688992450,732732350,832072450,871860600,932551850,990350000,1057850000,1114202700,1217442150,1290542550,1368625150,1336957250,1397113450,1486712300,1573618750,1625828100,1717861750,1763000000
135653295.2,146391639.7,148934334,165585940.6,169264991.2,172217502,201375725.6,253182453.7,283855833.3,275949889.1,299787275.8,250045839.9,250794359.6,235239570.4,270801565.2,303053462.8,316420860.9,365964500.1,376955087.3,419035810.5,439158233.2,476360697.2,537050133.7,622026107.8,702682019,818869145.1,897731524.9,1196091805,1258332337,1264758198,1585472534,1820207626,1823692110,1798333726,1958819915,1962221696
854711500,846514500,863933200,823374900,848478300,851296100,840964400,972800000,1038300000,786300000,384400000,348000000,223500000,160400000,132200000,134800000,159400000,295900000,359600000,441800000,529064600,521000000,543000000,416000000,474700000,550000000,604028900,739027200,850040500,1155147400,1292697100,1545400000,1735500000,1946500000,2013000000,2053000000
919726666.7,969046666.7,1013222222,1082926304,987143931.2,1149979286,1201725497,1131466494,1082403219,1113924130,1132101253,1167398478,1083037671,938632612,925030590.2,1000428394,869033856.3,972896267.9,893770806.1,808077223.4,870486065.9,876794723.1,825394490.2,784654423.6,915257323.4,1117257279,1273180597,1356078278,1611634332,1739781489,2026864469,2355652126,2472384907,2714505635,3093647227,3085184837
42463576.16,44781456.95,47935843.79,57829787.23,109503546.1,127154929.6,141902097.9,141268980.5,168610478.4,189535398.2,215089005.2,244468292.7,284853358.6,322326642.3,355884383.1,398988955,450382328,508223602.4,540096397.6,589239753.6,624337145.3,884276168.3,910864148.4,1043403344,1202240023,1119806500,1474698125,1745998938,2117773602,2166330188,2323401758,2449576517,2514041557,2795200010,3063899508,3142812004
603200000,570357116.9,482000000,489333333.3,437631610.8,453488352,504651117.2,354591840,413799990,379779379.1,396582263.3,336708419.5,368281378.9,442273433.2,540874934.2,621626785.9,705406001.4,749138009.6,717530683.2,694754988.3,712667896.7,696281471.7,722460886.4,741929342.8,785918769.6,824880550.3,1458446872,1740334782,1922598121,2025565089,2259288396,2576602497,2851154076,2990006534,3077086276,3166029056
1136409054,962347169,821652037,765746518.2,718149015.8,762359786,1060911724,1249099286,1378847400,1352949665,1628427587,1602299863,1692959110,1233496846,982624324.5,1309382885,1465448290,1498950899,1587345951,1576094566,1294250233,1332328999,1474630207,1673690430,1937074572,2115154262,2202809251,2523462557,3163416242,3163000529,3172945645,3756023160,3866617463,4081112865,4482535926,4002723817
542007473.1,571514416.3,537568142.1,555336145.9,494483241.4,361012319.1,449140384,584125996.6,692026606.9,696921409.5,1114694112,1156141998,1284766234,1357206996,1419293455,1698982438,1602760100,1716699913,1576904292,1547884442,1524496383,1349339652,1224226095,1854032546,2420645241,2584089444,2947943587,3053808159,3019779209,3144671159,3527776867,4963056465,4912817418,4562432041,4412891833,4060072444
1202567359,1235899836,1194015444,1123107276,1177997414,1141210125,1290228617,1177908192,1109976928,1182686577,1337024782,1383843860,1531803061,1635426125,1825285158,1970347721,2129266728,2093994597,1656784780,1942170999,1684109743,1660102346,1842691481,2315935753,2727507213,3006725015,3102741451,3405050612,3523185920,2870624636,3140508836,3774537140,3977652383,4196263712,4531870927,4386008745
1012280571,1114204695,1163923780,1236016453,1346890013,1409536060,1547755116,1704370234,1812757839,2006165080,2012131370,2020583615,1957000000,2063342028,2151344808,2262218368,2411872814,2549097488,2874260304,3011982170,3121500000,3116500000,3169500000,3275000000,3514500000,3897500000,4303500000,4546000000,4595000000,4602000000,4445500000,4358000000,4313000000,4281000000,4354500000,4451000000
1100685845,1114830472,1295361886,995104305.3,1087471862,856890498.6,490181456.6,701307602.3,1055083945,932974411.9,649644826.8,779981458.9,679997997.6,768812334.8,911915970.7,870758739.4,941742152.7,850218033.6,672375927.3,669384768.9,635874002.2,1079478388,1239004288,1371442566,1431208677,1627854495,1885112202,2158496873,2505458705,2489985963,2616610911,2985556819,3853432409,4958754472,5005662071,4474689706
794900000,889050000,915150000,883600000,864150000,873250000,891000000,979850000,1160900000,542520000,388300000,448300000,404600000,428794117.6,605492537.3,693970588.2,860630922.7,929607500,945000000,885444186,892164393.9,763465550.5,1078402128,1271196078,1484092538,1793776693,2626380435,2936612022,3532969035,3875409836,4368398048,4422276622,4980000000,5130909091,5210303030,4877888604
1237662067,1237686961,1180094061,1223225019,1208026080,1131349992,1183671788,1183071363,1379923808,1590201656,1880784192,2203536031,1799529357,2070647127,1181801920,1397454122,2281039098,2663238983,1750585204,1775920040,1743506287,1716502070,3495597587,3209167240,3476333639,3655892942,3998020177,4432937046,5321012192,6191127665,6959655571,8004000737,6028487929,5518880769,6047813437,6565382259
2508524716,2170893418,2017612218,1803099561,1461243327,1440581653,1904097001,2233006102,2280356194,2179567111,2480673305,2327986216,2344987614,1606581744,1563207225,1880803362,1987770899,1845599608,2076737357,2018193703,1798374468,1945327565,2170481509,2731416346,3052898739,3405134832,3646728060,4291363391,5403363917,5397121856,5718589799,6409169890,6942209595,7667951988,8245312137,7142951342
1254765643,1407062526,1407243133,1479687583,1587413091,1715626337,1944710688,2157432668,2395492695,2405022588,2550185693,1911600232,2029026957,1971525718,753636370.5,1293535192,1382334879,1851558199,1989343548,1817655192,1734938190,1674685126,1677447003,1845979351,2089188921,2581465675,3110328011,3775447706,4796573531,5308990459,5698548988,6406727230,7219657132,7522006198,7912161660,8095980014
1405251844,1291120191,1267778672,1095348199,1051134009,1045712790,1336102027,1562412226,1620246085,1502294414,1959965330,1986437860,1695315306,2274557914,1598075932,2169627251,2361116588,2268301538,2455092582,2689787918,2569186643,2680213931,3054571082,3905366188,4521424807,4803702821,5142380779,5969535132,7132787397,7097198712,6970240895,7814081156,8117100934,9110800745,9575356735,8476125181
1705796850,1993512326,2160640567,2097274290,2193581366,2160872541,1849268215,2297753649,2212536313,2389593022,2798746051,2724853508,2933222706,1918970178,1769365439,2116003868,2540697538,2322719101,1949481381,2353909442,3219910666,2794259756,3019993723,3495868725,4648628840,6087002682,7731261311,8394688284,11859014004,9593536531,12007880590,14425607224,13677930124,14085852120,14177437627,8553154506
1919281933,1977632576,1932804963,1853284440,2027995718,1921120952,2085883391,2050827729,2146569377,2242696265,2416850556,2583109300,2833817717,2987223639,3442016212,3718407434,3992931434,3989354569,3430418269,3733751237,3480881464,3406191543,3593475492,4219685168,4874134376,5336625074,5603797797,6171252267,6584689096,5852508156,6469972334,7677505381,8118903224,8365969512,8845723924,8625970093
1335300000,1426500000,1578300000,1732800000,2041100000,2320699900,2472500000,2713999900,2817900000,3062000000,3166000000,3111160000,3109000000,3092000000,3259000000,3429000000,3609000000,4961119000,5353524000,6019972000,6327552000,6516651000,6957996000,6949317000,7094413000,7706222000,7965588000,8318996000,8246650000,7820420000,7909580000,7889750000,8234470000,8431750000,8510500000,8884441432
50642880.77,36731422.85,44294647.73,44442456.95,50320914.41,62118564.85,76407396.76,93345847.73,100534663.3,88265974.58,112119406.5,110906032.1,134707184.4,136047896.2,100807001.8,141853368.3,232463036.4,442337849.5,370687618.7,621117885.7,1045998496,1461139022,1806742742,2484745935,4410764339,8217369093,9144693758,10776721748,16021701872,10219467607,12709498548,17229758160,18011041667,17135584685,15529729677,9397792253
4042139901,3594868208,3526198070,3511573992,2939485472,2857889712,3258288891,2565634382,2442507588,2498059015,3081479800,2653141959,3024459564,3370842211,2977040722,3159901232,3995028593,3545776697,3738704468,3717515283,3877673539,4529575348,4397254608,5474030080,4363934494,5039293031,5515884349,7342923489,9413002921,8550363975,8729936136,9892702358,9919780071,10613473833,11011062173,9980522718
1033002402,876937559.7,834369860.4,832415806,919103735.3,1033069710,1067828247,1163426851,1482597299,1433686310,1738605558,1877138042,1881847677,1463251055,1179837955,1445919970,1607345450,1544689503,1744794457,1534673583,1385058162,1709347793,1987622279,2736666516,4414929220,6646663021,7422102520,8638711757,10351933632,9253484290,10657705072,12156380062,12368070169,12949854263,13922223234,10888798114
1928719884,1775842337,1754450098,1600278605,1459880133,1552493197,2036303360,2369834947,2616040481,2615587730,3101300779,3135045684,2240264712,2332018011,1895290965,2379518099,2586550747,2447669404,2804902724,3014665729,2632700363,2812845514,3205592290,4205691222,4838551100,5462709498,5844669846,6771277871,8369637065,8369175126,8979966766,10724061339,11166061508,12114166021,12549126616,11099473097
1136544236,1147187568,1082934399,1094857358,1044926101,1080643200,1469050660,1888752211,2143480500,2191101650,2653485952,2856889160,3224265821,3263363787,3558143644,4040342060,4421952123,4187375887,4169672975,4291171396,4582562399,4536544700,4767303154,5609836355,6385691317,6283796155,6731529168,7792052680,9641089805,8834661043,9718233911,11252386261,11445657238,11931866299,12612959480,11510952257
2434779478,2259233333,2128058580,2308102954,1960596973,1615794946,1816728871,2310417135,2506590439,2547362838,2804357081,3012742078,3448326858,3218475900,3636645995,3942478206,3945340776,4102648720,3826527631,3818954448,3908661518,3546783708,3361251198,4931312147,6606858786,7261333795,7978734402,8740865600,8486721917,8876191121,11282192605,12409629836,13016152024,12720433346,12838336840,11546088223
2144300006,2474700227,2454499872,2753100058,3117599872,2683699935,2885799994,3851200118,2630900096,1013184756,1009455476,1488804124,1792800000,1756454248,3863185119,4140470000,4308351903,4389965591,4635267225,4855717875,5107329007,5323146566,5224213018,5322454926,5795568205,6321335612,6786294637,7458103362,8491388729,8380731880,8741313140,9755619760,10438842116,10874735111,11790221756,12692562187
1759691183,1538972427,1333754226,1297765326,1232932105,1392196049,1852163456,2090629984,2169040605,2181821906,2681912149,2724131545,2830673389,2818280876,2081846483,2706425298,2780422212,2697105694,2920358587,3439463140,2954129566,3465305993,3889758024,4703504466,5444474268,6245031690,6899799786,8145694632,9750822511,10181021770,10678749467,12978107561,12442747897,13245777670,14388384093,13100263697
3503282842,3176771658,3109677903,2774198931,2705535968,2962200082,4189860373,5040708746,4985152888,4913065118,5716644525,5617236033,6004885321,5678827999,3877196915,4878719133,5065830414,4672503920,5030344074,5144045360,4679604754,4877602060,5333862371,6858952880,8031344381,8707015771,9358710935,11284603071,13386345215,12812994419,12932428288,14440676929,14045681414,14951667194,15657551477,13779570706
6678868200,8011373800,8539700700,7764067000,6352125900,5637259300,6217523700,6741215100,7814784100,8286322700,8783816700,8641481700,6751472200,6563813300,6890675000,7111270700,8553146600,8529571600,6401968200,6858013100,6689957600,6777384700,6342116400,5727591800,5805598400,5755215200,5443896500,5291950100,4415702800,8157077400,9422161300,10956226600,12392715500,13490227100,14196912500,13892940504
2679379383,2979027979,3293496326,3619262274,2373564490,2100239024,2754549685,3287007228,3828342820,4404938021,4592208208,4071219198,3530892749,4859766161,4907861406,5779285208,6504445801,7450324787,8718300136,8795765306,8929375580,9087918837,9694161516,9399452788,10150978155,11204416000,11905525197,12824094990,13678551838,12037473161,13190512703,14396816914,14746420946,14262303586,13927110142,14005654599
4279637934,3862269127,3618007844,3391275731,3561451562,3339914759,3403638194,3281797039,3834503378,4186411457,5952293766,5402919957,5592390849,4378645081,4190819314,4958845906,5694040337,5326816859,4483417120,4662992036,5067865321,5018874179,5310381151,6497305662,7756293575,9458884812,10154041930,12438956756,15508574820,12065138273,14358584300,18186478120,17171447372,17590716232,18179717776,14339723935
1060889705,1073812404,1014945861,1172230576,1240821849,1114783538,1392602040,1965227085,2644554882,3083822367,3790636664,3942792837,4146513722,4160086253,4259330999,4730611067,4847752843,5020214747,4790458837,5484257417,5788329609,5489608300,5438857107,7511582173,8957467707,9931134941,10126940513,10939053365,10945070442,10267128733,12786662035,15682931970,14686249032,14814801573,15880195735,14390863395
3526259828,3532146141,3615064966,3237772708,3372771557,4458235939,5243440030,2353864265,2093393433,2314103710,2512109517,3263761938,2291175765,2394823062,2460670288,2521738760,3523842275,4227273069,4873242526,5302532113,5016469069,4766928747,5031510909,5597367853,6831808930,7723846195,8312078525,9366742309,11494837053,10911698208,10154238250,13131168012,14534278446,16018848991,16945889410,14688606238
4928824958,4366213850,4264252336,3844723142,3782523088,3523612563,2358592817,2754463438,2690717551,2985467979,3520551724,3701667053,4183548189,4105706152,4087337960,4734020037,5115602837,5197332974,4051147228,4600000000,6001153306,5601090584,5843329108,6557333085,7872333215,9531402848,11470703002,12247694247,14393099069,10732366286,12370616062,16691533190,16953505122,16110693734,17104656669,15492035784
3409023699,3521512389,3232804218,2788530415,2887825524,3008412960,4022192404,5565384032,6156487920,5718878002,6521544489,6966138526,7138787995,6269347503,6441621298,7181787874,7501950116,7596126046,8468339856,8928185824,8924735423,8126161154,9161798221,11297018603,13704440838,16749309720,17041293816,21293841230,17530651670,12855269884,13236887873,14665358677,14194519025,15376604281,17036097482,16598494831
2154311277,2087496374,2159242417,2160364071,2278248953,2430411900,3090734463,3704813886,4278792597,4563482604,5591130218,5770197348,6912150456,6590291048,7425703929,9914864166,9989422836,9504538198,10209966063,10443559871,9929632422,10328979964,11345759615,14445240091,17164625000,18270009451,19866878479,23716042497,27493064742,25593262401,25247424011,27089174646,24940600822,24055947955,23227106276,19319729400
2566000050,2819500000,2903500050,3076999950,3319000000,3639499950,3808500050,4152499950,3970386396,3563448310,3048896181,3068444712,3419487441,3481990761,3432356579,3911053180,4034037162,4663193916,5202215657,5372543554,7105542971,7566498403,7776435882,8140271081,8772194250,9672035709,10841742348,12275501784,13789715133,14587496229,15839344592,17710315006,18528601901,18496438641,19380958759,20152043003
1945916583,2275583317,2395425210,2447174839,2581215830,2619913976,2850780937,2957252079,3487009700,3525228046,3627559252,3921476085,3401211581,3660041667,4066775510,4401104418,4521580381,4918691917,4856255044,5033642384,5494252208,6007061224,6050875807,6330476435,7273933993,8130258976,9043715356,10325618017,12545438605,12854985464,16002656434,18913574371,18851513891,19271168018,19769642123,20880545907
3884530854,4008126497,3871117093,3321048451,2719518933,2252454500,1664413508,2265250972,3728878149,3994673161,3288381797,3378882353,3181921788,3273237853,3656647744,3807067122,3597220962,4303281932,3537683046,3404311977,3600683040,4094480988,4193845678,4901839731,6221077675,8331870169,12756858899,14056957976,17910858638,15328342304,20265552104,23731726500,24939314029,26820806279,26963428033,22063852463
3573959900,3437200200,3399189100,3506347800,3661683400,3800368600,3771663200,3958045800,4189880000,4372215300,4800900000,5311000000,5954700000,6938000000,8085600000,9500500000,10315500000,11134700000,12008400000,12464700000,13134100000,13812700000,14306700000,15046700000,15798300000,17093800000,18550700000,20104900000,21431000000,20661000000,21418300000,23139000000,23813600000,24350900000,25054200000,25850200000
1244610000,1337300000,2177500000,2240333333,3615647447,3519695202,3923244142,6269521857,6508931652,5276480933,4304399516,3321729057,2857457860,3220439044,3990430447,5755818947,6044585327,6269333313,6584815847,5998563258,6193246837,5840503869,6178563591,6336696289,7940362799,9013834373,9942597780,12292813603,14239026630,17878178831,20181796803,20262889524,23236898742,24662957836,26998477707,26369242278
4094810488,5219516810,5067450002,5237432542,4067222420,2966234024,3439716399,3778316380,4082625953,4599970618,5695201563,6984367763,7157424031,7249533620,7870982171,9062131308,9788391733,9965225497,9024567484,8392549702,8195993231,7662595076,6325151760,6588103836,8033877360,8734653809,10646157920,13794910634,18504130753,15929902138,20030528043,25071195492,24611039786,28965906502,30881166852,27622778722
6235833086,6992083055,8140416343,7763749691,7757083025,7375918224,4794444571,4797777905,4496910569,4323058824,5068000000,5203223529,5318258824,4581357104,4947205860,5329214163,5759537726,5737751332,6043694330,6808982521,8154338233,8824873259,9008273721,11305459802,13280275123,15982282468,18369070083,21642304046,27870257894,19175196446,21037612736,24409826346,24580844843,27257411604,28874122634,27805745961
6740757493,7636346056,7322913600,7381853865,7801858401,8148223552,10621157923,12302473329,12493286837,11140057046,11151578703,12434370005,11396310990,13532137228,9220470913,8733231184,9732328116,9840553236,9629649417,10486451144,9287367235,9633109350,10879778384,13621738837,15775357015,16587858857,17953066721,20431780378,23322254114,23381142147,23622483984,26587311528,26472056038,29567504655,32050817633,29198372811
10175617589,8432589956,7567110856,6838184772,6841639250,6977650648,9158302111,10087654451,10255169812,9757410630,10795850585,10492628915,11152971316,11045759469,8313557450,11000146839,12139234939,11722142706,12612033729,12376639823,10717022463,11192560827,12346919216,15306602560,16554441847,17084928927,17800887796,20343635320,24224903100,24277493862,24884505035,25381616734,27040562587,31292560974,34253607832,31752543539
3072698431,3467819268,3645744806,3735106511,3905585240,3651861827,3052393722,3392021127,3702393744,3863563962,4229787379,4616223404,4751063830,5200265957,5567553457,5849467819,6101861436,6349202394,6183776596,6621010372,9062906915,8976207713,9632155053,11074822074,13150166755,15968726862,18505053191,21730000000,25710877660,22938218085,25713271277,29044069149,30756462766,32897606383,33851063830,32221489362
4537487843,5891606676,5594118400,5422656262,6169481549,5377277407,3959379488,4347956299,4597615563,4715978868,4867582620,5343274312,5643893347,5734676561,5981244887,6715220507,7396966657,7925673448,8497545598,8285075872,8397912509,8141537938,7905485216,8082364868,8773451739,9549077869,11451869165,13120183157,16674324634,17339992165,19649631308,23963033444,27084497540,30659338929,32996187988,33196819572
3909708819,4384247336,4680673604,4920692191,4967162160,4993512829,6402001909,6756417469,6277331602,4221121314,4159928704,4344467193,5311188436,5606237993,6237650241,6727446632,6928359238,7244402962,7910621157,8147494358,8457923956,8972965058,9580161861,10193023676,11407566734,12588665303,15056936953,17110609732,21971835283,23818322958,26425379437,28840263380,30937277606,33593843662,35826925775,37517410299
4445228057,4222441673,4035994383,4057275078,4412279865,4504342153,5727602649,5074829932,5197840973,5251764270,5889174834,6596546196,6413901602,5966255778,5444560669,6465137615,6934984709,6891308594,7480968858,7719354839,4983024408,5314909954,6166330136,7632406553,8881368538,10731634117,20409257610,24758819718,28526891010,25977847814,32174772956,39566292433,41939728979,47805069495,38616536132,37864368220
8743054698,8428513568,8133538743,8350545840,8254573073,8410185740,9017795297,9696739314,10096292842,10101862386,12290568182,13074782609,15497286296,14608946896,15632463424,18030876599,19587322786,20746360430,21803372267,22943685719,21473188882,22066101341,23142294436,27453084983,31183139301,32273007554,34378437265,38908069299,44856586316,43454935940,44050929160,45810626509,45044176964,46255554872,47603227897,43015089723
20039627960,20056236992,19804095112,16959385509,17411159923,17562123350,20261212467,28429027976,23002458745,21746812560,20726301370,10943548387,10350515464,10829710145,9697416974,13063422619,10109404160,11195630537,14630974778,13495062850,13148099185,14135393876,16360346654,21074775206,26094622564,29821662537,34304448150,44765733380,54666642734,51783454184,49939168133,56949835052,53576670828,55626359256,56717054674,48952959080
4831447173,2623807081,2606621246,3976453954,4593908762,4796628461,5477895475,5841132962,6063759371,6866402028,7403457319,7162546761,8573611050,9638291587,10557530654,11722357067,11843228540,12828975924,14101753567,15796567138,15946443103,16403602943,16844378578,17517536016,18596365927,19964925503,22526463619,26322000105,29837895769,29382694861,36298327620,41237293551,45300669857,49236713603,49552639049,51106697024
4034408100,4566357500,5044942500,5179623900,5406634200,5719726200,5943877600,5969924500,5161200500,5174965100,5625703300,6185923000,7032023200,7679277700,8188780100,8371108300,9870392300,10677104500,11575510300,12130118300,12303975900,12501974600,12994218400,13693884200,15013275300,16374277900,18144936600,20958000000,24522200000,26593500000,28917200000,34373820500,39954761200,44856189500,49165773100,52132289700
10163020116,11048335541,9178802163,5102281256,4850241442,4732017873,5880112788,7367494080,8213515459,8438951476,9298839655,11205971155,12878199881,15002106518,17474647792,19297663097,20515543039,23969823010,25385928198,23983945191,22823255802,20898788417,13606494599,12045631093,13686329890,17362857684,19579457966,23410572633,30366213118,31660911279,40284682481,47962439303,51265399743,57531233351,57235766827,53442697568
6294122224,5283955997,4812039555,4730381933,4640690519,4785790611,6990250858,8700076499,9847344377,10495080569,13361108522,14464630124,16225873777,16651231110,18508451170,21803347564,21703979153,19526405503,20409248166,22343344130,21375345495,21052080537,23308582722,29206884876,34343804321,36977365999,41913561661,50323159047,55144865973,50386496249,52351655629,58697386711,55986712368,61794506556,64873963098,57793612066
7265315332,6854491454,6431579357,5979198464,6191437070,6135034338,7239126717,7970820531,8355380879,8283114648,8572359163,8151479004,8209129172,5751789915,7148145376,9046326060,12045858436,13115773738,14093998844,12896013577,12705357103,12986007426,13147743911,14904517650,16095337094,18737895401,25825524821,31958195182,35895153328,37021512049,39999659234,41953433591,50410164014,55100780396,61395415492,63398041540
7878700000,8607500300,8716999700,9050000400,9470000100,9721652289,7231963327,7084399840,7841603167,8410724406,7650125576,9406097735,10440842165,11399942453,12983235568,14656917900,15781579950,17788559414,19393672244,18317172141,19290566570,18702802399,20776403844,21917430474,23965276000,27211377220,30231249362,34113107085,39136436553,37733609939,41338008617,47654783851,50388460920,53851143341,58722323918,63794348775
6631000100,7266999800,7964000300,8622000100,10330399700,5044579947,6122128248,5827050857,5374300243,6686592729,7073674721,9724402004,11277676880,12976408000,14511134921,16358496124,18131813001,19593916229,21171583983,21709726722,23996100575,24892595799,26571659051,21277171990,22039210346,34004081037,35952890849,44073886687,48152993004,48193458083,53864484468,58361928552,60595109805,61198323069,63968906782,67103263863
5981760181,7259120033,7554719334,7932541563,8821443265,10005645456,7324167394,7811183158,8386215932,9372171727,11685045608,11341482445,12452275683,12493107932,12918855657,13802600780,15277763329,15837451235,14085373212,15710148244,19507412224,19452015605,20142782835,21633810143,24763589077,31081924577,37215864759,42085305592,60905331599,48388296489,58641352406,67937581274,76341482445,78182574772,81796618986,70254876463
13391895104,14776050243,16399499253,16610028666,15832790718,15611806174,14206628658,15252870383,16152957714,16532806612,17661533072,17364492768,17058094011,17962619349,19054541575,20906493287,22781050469,25471345330,27956719394,29722066501,32206650709,33147771381,34932666036,37469129525,41154157411,46626975107,52391543017,58277065056,66470658556,55910583634,59631444333,64644238532,66505275837,69371346767,71327803910,70876623388
4024621900,4415844156,4768765017,5167913302,6043474843,5978460972,6405210564,6682167120,6978371581,6987267684,8032551173,9000362582,9703011636,10338679636,11717604209,12995278049,13905482178,15091913884,15724685803,15625169875,16330814180,15746229582,16536535647,18881765437,20662525941,24406252457,28279814925,32350248411,40713812310,42066217872,56725745039,65292741297,68434399083,74294206491,80028186275,82316172384
7617256737,9538009463,9254395996,8465226937,10044297796,12459385571,15966649370,20631219762,15510324099,15295635624,12408647780,11379222222,7034219713,8881785938,12794192334,13829744879,9018243044,11681494637,11250327988,10682045258,12257418326,13182979784,14803189093,17646503525,21457470203,26524538566,35822408612,45898948564,54526580232,53150209168,65634109237,67327289320,62688889673,66480141187,73814947341,84066770983
21728770055,17788171722,17692341358,16251460689,14824728528,14991283216,19462175322,21765208967,25705139619,26314313191,30179962098,32285388165,33711069431,31655473664,35604137423,39030285468,43161452678,39147844526,41806219379,41632027600,38857251336,39459581217,42236836821,52064058834,59626020162,62343022651,68640825481,79041539006,92507257784,92897320376,93216746662,1.01E+11,98266306615,1.07E+11,1.10E+11,1.00E+11
17881514683,21810767209,19929853575,17152483214,16912515183,17149094590,15314143988,13945431882,13051886552,13890828708,15239278100,16988535268,18094238119,18938717359,22708673337,24432884442,25226393197,28162053027,27981896948,19645272636,18327764882,24468324000,28548945000,32432859000,36591661000,41507085000,46802044000,51007777000,61762635000,62519686000,69555367000,79276664000,87924544000,94776170000,1.01E+11,1.01E+11
28638869323,25058021209,21577153516,20871081456,21700083292,21445970799,17903990052,22368703379,20690321283,24313856834,18427778571,11008793176,19858555215,23941391391,24848483838,27191689008,31493987642,30354434553,25941929462,30121879435,37711864407,34890772742,38137545245,47875838926,59440108585,80797945205,1.02E+11,1.15E+11,1.47E+11,1.06E+11,1.15E+11,1.54E+11,1.74E+11,1.74E+11,1.64E+11,1.13E+11
42345276290,44348670716,45207090661,48801372218,53698280328,57937867712,63696299981,66742269086,59089065518,55631488295,62045098375,45715367087,48003298223,49946455211,42542571306,41764052458,46941496780,48177862502,48187747529,48640611686,54790060513,54744714110,56760288396,67863829705,85324998959,1.03E+11,1.17E+11,1.35E+11,1.71E+11,1.37E+11,1.61E+11,2.00E+11,2.09E+11,2.10E+11,2.14E+11,1.67E+11
7829094474,8661263514,7596702995,6467582121,6704395631,6153296279,5053021805,5446428524,6038186859,6487911901,7360439211,6883516484,7646153984,7156593654,7374450769,8137911978,9059340385,11297802115,10255495027,12393131868,17759890110,17538461538,19363736264,23533791209,31734065934,44530494505,60882142857,79712087912,1.15E+11,97798351648,1.25E+11,1.70E+11,1.90E+11,2.02E+11,2.10E+11,1.67E+11
23245512449,24417617184,24164603059,24308622503,21665456808,24680306905,30605196451,40376973073,45176167472,43919630704,45495727007,42745329732,41649298171,46775067751,55315342817,63918703507,70140835299,66074513018,56226643508,58761222689,52623281957,53872425917,66628222189,88250885550,1.04E+11,1.15E+11,1.12E+11,1.37E+11,1.33E+11,1.21E+11,1.47E+11,1.68E+11,1.77E+11,1.91E+11,2.00E+11,1.74E+11
17655611231,21074067087,21216509116,16885668786,17132968269,16110000407,14840000375,20153333842,15029999286,21902935996,25710059622,33752717959,35180917546,34225818611,43691936851,51990003413,53975714094,56833961486,54534476412,49332889437,50980861887,51592365725,54436633340,59030590739,66695121800,74947898080,87862091339,1.02E+11,1.22E+11,1.21E+11,1.49E+11,1.71E+11,1.93E+11,2.02E+11,2.03E+11,1.92E+11
18138049096,20249694002,18525399202,17609048822,18920840000,22278423077,21774033333,24298032258,26579005760,28781714764,31598341234,30957483291,31708873955,33166520085,33768662171,37939748051,46438482370,48244308275,49984559471,51270569884,53369787319,53991289844,54724081491,60158929188,65108544250,69442943089,71819083684,79611888213,91631278239,1.02E+11,1.15E+11,1.29E+11,1.33E+11,1.50E+11,1.73E+11,1.95E+11
56829663469,52346507380,54617991327,49428872678,48020024788,47820850975,56379593720,65652751132,76261278405,79169043642,97891090929,1.05E+11,1.16E+11,1.09E+11,1.17E+11,1.37E+11,1.46E+11,1.43E+11,1.44E+11,1.43E+11,1.30E+11,1.36E+11,1.54E+11,2.02E+11,2.41E+11,2.48E+11,2.73E+11,3.18E+11,3.54E+11,3.30E+11,2.99E+11,2.88E+11,2.46E+11,2.40E+11,2.36E+11,1.95E+11
32899759311,31980423453,30530759334,27242331886,25220451794,27118476174,38749715722,48187667853,56352797354,60600056659,78721607509,89242382961,1.08E+11,95019103603,99698453261,1.18E+11,1.23E+11,1.17E+11,1.24E+11,1.27E+11,1.18E+11,1.22E+11,1.34E+11,1.65E+11,1.89E+11,1.97E+11,2.09E+11,2.40E+11,2.62E+11,2.44E+11,2.38E+11,2.45E+11,2.16E+11,2.26E+11,2.30E+11,1.99E+11
53685049410,52485533205,52832120390,51014090521,52926394935,55914236378,73586676050,91642093873,1.09E+11,1.19E+11,1.42E+11,1.28E+11,1.13E+11,89255751015,1.03E+11,1.34E+11,1.32E+11,1.27E+11,1.34E+11,1.35E+11,1.26E+11,1.29E+11,1.40E+11,1.71E+11,1.97E+11,2.04E+11,2.17E+11,2.55E+11,2.84E+11,2.51E+11,2.48E+11,2.74E+11,2.57E+11,2.70E+11,2.72E+11,2.30E+11
21772289367,20693412346,21498879946,20789378193,20129238177,21293909553,28746831708,33958627692,37815334013,39282476058,49361026052,49843437571,55981360981,52476367136,57161804122,69217500631,75850514113,82816779608,90074803073,98688885468,99833960199,1.09E+11,1.28E+11,1.65E+11,1.94E+11,2.11E+11,2.32E+11,2.70E+11,2.75E+11,2.35E+11,2.20E+11,2.42E+11,2.25E+11,2.38E+11,2.51E+11,2.38E+11
27572307600,32644872979,24339421605,19770402076,19232737055,16486012247,17722536671,20902096532,24640912616,28385038397,31558927517,36424168146,44467946384,47693992627,55154226760,71349202309,75769008174,82808986192,79373597080,72995286764,79328640264,72336972322,70984568429,77840186385,1.01E+11,1.24E+11,1.55E+11,1.73E+11,1.80E+11,1.72E+11,2.18E+11,2.51E+11,2.65E+11,2.77E+11,2.59E+11,2.40E+11
23689697680,28100606598,30725972231,28691890864,31151825047,31144920868,31899072714,33351526336,38472741069,40171021121,40010425585,45451960732,48635176853,51478304860,51894781282,60636022423,63320122807,62433300338,62191955814,62973855719,73952374970,72309738921,72306820396,83244801093,97977766198,1.10E+11,1.37E+11,1.52E+11,1.70E+11,1.68E+11,1.77E+11,2.14E+11,2.25E+11,2.31E+11,2.43E+11,2.70E+11
32450398740,35646642136,37140164100,33212130823,31408478618,30734266462,29868363901,33195974365,37885485203,42575217415,44311595230,45417561302,52976344929,54368083953,64084460124,74119987245,82848140618,82344260571,72207025219,82995147090,81026297144,76262072022,81357602950,83908206456,91371239765,1.03E+11,1.22E+11,1.49E+11,1.74E+11,1.68E+11,2.00E+11,2.24E+11,2.50E+11,2.72E+11,2.85E+11,2.92E+11
33400712095,36388389129,38968019453,38729822782,38253120738,34894419525,34942483688,36373312083,39212545681,39540083646,40274204595,41239551378,49279585355,55802540101,81703496604,92507277798,97160111573,1.07E+11,98443743191,86186156584,99886577576,98203544965,97933392356,94684582573,1.17E+11,1.47E+11,1.63E+11,2.07E+11,2.44E+11,2.34E+11,2.87E+11,3.35E+11,3.70E+11,3.80E+11,3.78E+11,2.92E+11
11893624074,14171752830,16078932759,17775115135,19735453641,19138445912,18569643987,20897470244,25337427488,30423195895,36152800270,45474442836,52156414979,60644572348,73777792327,87890009877,96403758865,1.00E+11,85707636233,86283126844,95833932715,89286208629,91941192896,97001377569,1.14E+11,1.27E+11,1.48E+11,1.80E+11,1.92E+11,1.92E+11,2.36E+11,2.75E+11,2.89E+11,3.00E+11,3.06E+11,2.93E+11
70867465285,61376989331,59916301294,60188398261,58673426984,62220601827,87800282647,1.09E+11,1.15E+11,1.12E+11,1.38E+11,1.39E+11,1.53E+11,1.43E+11,1.56E+11,1.85E+11,1.88E+11,1.74E+11,1.77E+11,1.78E+11,1.64E+11,1.65E+11,1.79E+11,2.18E+11,2.51E+11,2.65E+11,2.83E+11,3.20E+11,3.53E+11,3.20E+11,3.20E+11,3.41E+11,3.25E+11,3.39E+11,3.46E+11,2.95E+11
21780968646,23196333205,24572712708,27435501410,26042766977,24122660966,29701444258,35476344261,43892480124,44599772789,52490325640,59170286560,65771216421,65925583866,74669719505,99968784246,1.10E+11,1.15E+11,1.16E+11,1.17E+11,1.32E+11,1.31E+11,1.21E+11,1.27E+11,1.35E+11,1.43E+11,1.55E+11,1.80E+11,2.17E+11,2.08E+11,2.34E+11,2.62E+11,2.60E+11,2.92E+11,3.06E+11,2.96E+11
24488034455,25004556696,26804400616,30346788049,33943505215,31200160592,27734563526,32181696599,35271881263,38848566521,44024177915,49142784405,59167157498,66894448545,74477975918,88704944179,1.01E+11,1.00E+11,72167753771,79148947368,93789736842,92783947368,1.01E+11,1.10E+11,1.25E+11,1.44E+11,1.63E+11,1.94E+11,2.31E+11,2.02E+11,2.55E+11,2.98E+11,3.14E+11,3.23E+11,3.38E+11,2.96E+11
28861759209,31055409443,32291306282,29907091340,33511383986,35699543051,41075570592,50622571586,59707404561,68790369107,76928290842,88959620136,1.04E+11,1.20E+11,1.36E+11,1.45E+11,1.60E+11,1.77E+11,1.69E+11,1.66E+11,1.72E+11,1.69E+11,1.66E+11,1.61E+11,1.69E+11,1.82E+11,1.94E+11,2.12E+11,2.19E+11,2.14E+11,2.29E+11,2.49E+11,2.63E+11,2.76E+11,2.91E+11,3.10E+11
80546993195,86833985897,80083518598,86015133649,85169436537,67065070009,79503484221,1.04E+11,1.15E+11,1.25E+11,1.12E+11,1.20E+11,1.31E+11,1.34E+11,1.40E+11,1.55E+11,1.48E+11,1.53E+11,1.38E+11,1.37E+11,1.36E+11,1.22E+11,1.15E+11,1.75E+11,2.29E+11,2.58E+11,2.72E+11,2.99E+11,2.87E+11,2.96E+11,3.75E+11,4.17E+11,3.97E+11,3.66E+11,3.50E+11,3.13E+11
22912500556,23405404730,25592365394,28137369499,30642873038,34689560465,35880262675,40507934171,35044634015,39648442534,43130416913,36970555899,41855986519,46578631453,51897983393,60159245060,67629716981,78436578171,84828807556,90710704807,99838543960,97632008710,87850683979,82924503943,78845185293,89685725230,1.07E+11,1.30E+11,1.63E+11,1.89E+11,2.19E+11,2.36E+11,2.76E+11,2.86E+11,3.01E+11,3.31E+11
37184441608,37387303650,35339682837,33366185281,33610778352,31942533162,32311760344,38353680805,43096335138,45130587825,53986815850,55553660107,60592688372,57623009600,60349153066,69416033107,73245307288,75969321099,74369117128,79925919932,90268341494,89693165619,96746065026,1.20E+11,1.49E+11,1.80E+11,2.11E+11,2.58E+11,3.15E+11,2.69E+11,3.13E+11,3.91E+11,4.10E+11,4.26E+11,4.41E+11,3.68E+11
43598747467,49333424084,46622718557,42803323301,41807954192,40603650189,33943612060,36384908706,36275674166,41464995871,50701443696,51552165622,54239171888,55625170253,59305093980,65743666576,73571233996,78839008445,75674336283,84445473111,1.04E+11,1.03E+11,1.10E+11,1.24E+11,1.48E+11,1.81E+11,2.22E+11,2.58E+11,3.15E+11,2.54E+11,2.86E+11,3.49E+11,3.73E+11,3.87E+11,3.99E+11,3.70E+11
81861232823,70863106877,71103585384,71947277233,67821568599,69219621907,98797587382,1.24E+11,1.33E+11,1.33E+11,1.66E+11,1.73E+11,1.95E+11,1.90E+11,2.03E+11,2.40E+11,2.37E+11,2.12E+11,2.18E+11,2.17E+11,1.96E+11,1.97E+11,2.13E+11,2.61E+11,3.00E+11,3.15E+11,3.34E+11,3.86E+11,4.28E+11,3.98E+11,3.90E+11,4.29E+11,4.07E+11,4.29E+11,4.37E+11,3.74E+11
64439382896,63596654761,62647195538,61627240831,62057955033,65416879914,78693253276,94230055659,1.02E+11,1.03E+11,1.20E+11,1.22E+11,1.31E+11,1.21E+11,1.27E+11,1.52E+11,1.64E+11,1.61E+11,1.54E+11,1.62E+11,1.71E+11,1.74E+11,1.95E+11,2.29E+11,2.64E+11,3.09E+11,3.45E+11,4.01E+11,4.62E+11,3.86E+11,4.29E+11,4.98E+11,5.10E+11,5.23E+11,5.01E+11,3.88E+11
32353514502,34846038518,36589772337,40042798315,41797647303,38900711298,43096774497,50535445680,61667254411,72250747142,85343189321,98234695722,1.11E+11,1.29E+11,1.47E+11,1.69E+11,1.83E+11,1.50E+11,1.14E+11,1.27E+11,1.26E+11,1.20E+11,1.34E+11,1.52E+11,1.73E+11,1.89E+11,2.22E+11,2.63E+11,2.91E+11,2.82E+11,3.41E+11,3.71E+11,3.97E+11,4.20E+11,4.04E+11,3.95E+11
52586910355,54338307833,54056640935,52283410673,51850327159,49881603092,48881357406,55849877216,61539738259,64029516397,74058567962,75443039458,80290879344,78525097382,82828881501,93938625841,99925133194,1.05E+11,1.06E+11,1.13E+11,1.26E+11,1.26E+11,1.35E+11,1.62E+11,1.95E+11,2.32E+11,2.69E+11,3.22E+11,3.88E+11,3.30E+11,3.79E+11,4.63E+11,4.84E+11,5.04E+11,5.21E+11,4.48E+11
1.28E+11,1.05E+11,92588982518,87650998817,83795759983,86730120728,1.21E+11,1.50E+11,1.63E+11,1.65E+11,2.06E+11,2.12E+11,2.36E+11,2.26E+11,2.46E+11,2.90E+11,2.81E+11,2.55E+11,2.61E+11,2.60E+11,2.38E+11,2.38E+11,2.59E+11,3.19E+11,3.71E+11,3.87E+11,4.10E+11,4.72E+11,5.19E+11,4.85E+11,4.84E+11,5.27E+11,4.98E+11,5.21E+11,5.31E+11,4.54E+11
64201788123,61076493506,51397461686,35451565749,28500815241,28873977228,20721499308,24093203445,23272161397,24231168859,30757075595,27392886873,29300921681,15789003753,18086400536,28546958641,34987951375,35822342618,32004613750,35870792988,46385996029,44138014092,59116868251,67655840108,87845403978,1.12E+11,1.45E+11,1.66E+11,2.08E+11,1.69E+11,3.69E+11,4.12E+11,4.61E+11,5.15E+11,5.68E+11,4.81E+11
1.40E+11,1.28E+11,1.13E+11,1.04E+11,1.08E+11,1.13E+11,1.48E+11,1.80E+11,2.04E+11,2.15E+11,2.58E+11,2.70E+11,2.80E+11,2.10E+11,2.26E+11,2.64E+11,2.88E+11,2.64E+11,2.67E+11,2.71E+11,2.60E+11,2.40E+11,2.64E+11,3.31E+11,3.82E+11,3.89E+11,4.20E+11,4.88E+11,5.14E+11,4.30E+11,4.88E+11,5.63E+11,5.44E+11,5.79E+11,5.71E+11,4.93E+11
98584901657,1.00E+11,98923529913,96024946558,99622891419,1.05E+11,1.21E+11,1.35E+11,1.33E+11,1.27E+11,1.30E+11,1.34E+11,1.22E+11,1.24E+11,1.10E+11,1.26E+11,1.32E+11,1.39E+11,1.43E+11,1.43E+11,1.55E+11,1.47E+11,1.60E+11,1.82E+11,2.09E+11,2.42E+11,2.89E+11,3.44E+11,4.15E+11,4.18E+11,4.63E+11,5.18E+11,5.52E+11,5.98E+11,6.32E+11,6.18E+11
1.65E+11,1.84E+11,1.53E+11,1.29E+11,1.20E+11,1.04E+11,86961922765,85695861148,88256074766,95344459279,1.17E+11,1.31E+11,1.36E+11,1.32E+11,1.34E+11,1.42E+11,1.58E+11,1.65E+11,1.46E+11,1.61E+11,1.88E+11,1.83E+11,1.89E+11,2.15E+11,2.59E+11,3.28E+11,3.77E+11,4.16E+11,5.20E+11,4.29E+11,5.27E+11,6.70E+11,7.34E+11,7.44E+11,7.54E+11,6.46E+11
1.19E+11,1.09E+11,1.11E+11,1.11E+11,1.06E+11,1.07E+11,1.54E+11,1.93E+11,2.09E+11,2.02E+11,2.57E+11,2.60E+11,2.71E+11,2.64E+11,2.92E+11,3.42E+11,3.30E+11,2.87E+11,2.95E+11,2.90E+11,2.72E+11,2.79E+11,3.01E+11,3.52E+11,3.94E+11,4.08E+11,4.29E+11,4.77E+11,5.52E+11,5.40E+11,5.81E+11,6.96E+11,6.65E+11,6.85E+11,7.01E+11,6.65E+11
68789289566,71040020140,64546332581,61678280115,59989909458,67234948265,75728009963,87172789528,90852814005,1.07E+11,1.51E+11,1.50E+11,1.58E+11,1.80E+11,1.31E+11,1.69E+11,1.81E+11,1.90E+11,2.69E+11,2.50E+11,2.67E+11,1.96E+11,2.33E+11,3.03E+11,3.92E+11,4.83E+11,5.31E+11,6.47E+11,7.30E+11,6.15E+11,7.31E+11,7.75E+11,7.89E+11,8.23E+11,7.99E+11,7.18E+11
1.93E+11,1.62E+11,1.56E+11,1.51E+11,1.42E+11,1.42E+11,1.98E+11,2.42E+11,2.59E+11,2.55E+11,3.14E+11,3.23E+11,3.58E+11,3.49E+11,3.74E+11,4.47E+11,4.46E+11,4.12E+11,4.32E+11,4.42E+11,4.13E+11,4.27E+11,4.65E+11,5.72E+11,6.51E+11,6.79E+11,7.27E+11,8.39E+11,9.36E+11,8.58E+11,8.36E+11,8.94E+11,8.29E+11,8.64E+11,8.79E+11,7.53E+11
78013206037,92473878832,94715163814,85369201879,87612439197,87338874330,80060657612,75929617715,88787623310,1.01E+11,1.14E+11,1.28E+11,1.39E+11,1.58E+11,1.77E+11,2.02E+11,2.27E+11,2.16E+11,95445548017,1.40E+11,1.65E+11,1.60E+11,1.96E+11,2.35E+11,2.57E+11,2.86E+11,3.65E+11,4.32E+11,5.10E+11,5.40E+11,7.55E+11,8.93E+11,9.18E+11,9.13E+11,8.90E+11,8.62E+11
1.41E+11,1.42E+11,1.38E+11,1.33E+11,1.38E+11,1.51E+11,1.69E+11,1.87E+11,1.88E+11,1.85E+11,1.92E+11,1.94E+11,1.82E+11,1.80E+11,1.72E+11,1.97E+11,2.17E+11,2.28E+11,2.34E+11,2.35E+11,2.54E+11,2.50E+11,2.66E+11,2.99E+11,3.38E+11,3.85E+11,4.50E+11,5.37E+11,6.38E+11,6.51E+11,7.26E+11,8.05E+11,8.50E+11,9.07E+11,9.76E+11,9.92E+11
1.94E+11,2.50E+11,1.74E+11,1.49E+11,1.76E+11,1.84E+11,1.29E+11,1.40E+11,1.83E+11,2.23E+11,2.63E+11,3.14E+11,3.64E+11,5.04E+11,5.27E+11,3.44E+11,3.97E+11,4.81E+11,5.02E+11,5.79E+11,6.84E+11,7.25E+11,7.42E+11,7.13E+11,7.70E+11,8.66E+11,9.65E+11,1.04E+12,1.10E+12,8.95E+11,1.05E+12,1.17E+12,1.19E+12,1.26E+12,1.30E+12,1.14E+12
2.32E+11,2.02E+11,1.95E+11,1.70E+11,1.72E+11,1.80E+11,2.51E+11,3.18E+11,3.75E+11,4.14E+11,5.35E+11,5.76E+11,6.29E+11,5.24E+11,5.29E+11,6.13E+11,6.41E+11,5.89E+11,6.17E+11,6.33E+11,5.95E+11,6.26E+11,7.05E+11,9.07E+11,1.07E+12,1.16E+12,1.26E+12,1.48E+12,1.63E+12,1.50E+12,1.43E+12,1.49E+12,1.34E+12,1.37E+12,1.38E+12,1.20E+12
1.54E+11,1.61E+11,1.53E+11,1.29E+11,1.23E+11,1.22E+11,1.31E+11,1.53E+11,1.48E+11,1.29E+11,1.37E+11,1.45E+11,1.47E+11,1.42E+11,1.45E+11,1.71E+11,1.89E+11,1.94E+11,1.88E+11,1.97E+11,2.21E+11,2.15E+11,2.33E+11,2.64E+11,3.15E+11,3.70E+11,4.54E+11,5.18E+11,6.28E+11,6.01E+11,8.52E+11,9.84E+11,1.08E+12,1.18E+12,1.28E+12,1.22E+12
1.07E+11,95853121996,91820611953,78960997308,79630771404,83048158783,85285307507,98291885288,1.00E+11,1.02E+11,1.68E+11,1.70E+11,1.58E+11,1.44E+11,1.34E+11,1.55E+11,1.73E+11,1.81E+11,1.79E+11,1.82E+11,2.12E+11,2.01E+11,2.37E+11,2.74E+11,3.32E+11,4.11E+11,5.13E+11,6.27E+11,7.99E+11,7.22E+11,1.00E+12,1.16E+12,1.27E+12,1.38E+12,1.46E+12,1.27E+12
1.50E+11,1.77E+11,1.94E+11,1.77E+11,1.93E+11,1.80E+11,1.82E+11,1.89E+11,2.36E+11,2.99E+11,3.11E+11,3.26E+11,3.25E+11,3.12E+11,3.23E+11,3.68E+11,4.01E+11,4.36E+11,3.99E+11,3.89E+11,4.15E+11,3.78E+11,3.94E+11,4.66E+11,6.13E+11,6.93E+11,7.47E+11,8.53E+11,1.05E+12,9.27E+11,1.14E+12,1.39E+12,1.54E+12,1.56E+12,1.45E+12,1.34E+12
67802380521,76240987915,81639218690,90524009024,99983374277,1.04E+11,1.20E+11,1.51E+11,2.02E+11,2.49E+11,2.85E+11,3.32E+11,3.56E+11,3.92E+11,4.59E+11,5.59E+11,6.03E+11,5.60E+11,3.76E+11,4.86E+11,5.62E+11,5.33E+11,6.09E+11,6.81E+11,7.65E+11,8.98E+11,1.01E+12,1.12E+12,1.00E+12,9.02E+11,1.09E+12,1.20E+12,1.22E+12,1.31E+12,1.41E+12,1.38E+12
2.74E+11,3.06E+11,3.14E+11,3.41E+11,3.55E+11,3.65E+11,3.77E+11,4.31E+11,5.07E+11,5.65E+11,5.94E+11,6.10E+11,5.92E+11,5.77E+11,5.78E+11,6.04E+11,6.29E+11,6.53E+11,6.32E+11,6.76E+11,7.42E+11,7.36E+11,7.58E+11,8.92E+11,1.02E+12,1.17E+12,1.32E+12,1.46E+12,1.55E+12,1.37E+12,1.61E+12,1.79E+12,1.82E+12,1.84E+12,1.78E+12,1.55E+12
2.68E+11,2.72E+11,2.52E+11,2.36E+11,2.28E+11,2.13E+11,2.35E+11,2.79E+11,2.92E+11,3.06E+11,3.07E+11,3.19E+11,3.15E+11,3.03E+11,2.98E+11,3.37E+11,3.48E+11,3.60E+11,3.40E+11,3.43E+11,3.67E+11,3.42E+11,3.66E+11,4.68E+11,5.82E+11,6.84E+11,7.98E+11,9.28E+11,1.06E+12,1.01E+12,1.35E+12,1.53E+12,1.59E+12,1.68E+12,1.75E+12,1.57E+12
2.68E+11,2.72E+11,2.52E+11,2.37E+11,2.28E+11,2.13E+11,2.36E+11,2.80E+11,2.93E+11,3.06E+11,3.07E+11,3.19E+11,3.15E+11,3.04E+11,2.98E+11,3.37E+11,3.49E+11,3.61E+11,3.41E+11,3.43E+11,3.68E+11,3.42E+11,3.67E+11,4.68E+11,5.83E+11,6.85E+11,7.99E+11,9.29E+11,1.06E+12,1.01E+12,1.36E+12,1.53E+12,1.60E+12,1.68E+12,1.75E+12,1.57E+12
2.68E+11,2.72E+11,2.52E+11,2.37E+11,2.28E+11,2.13E+11,2.36E+11,2.80E+11,2.93E+11,3.06E+11,3.07E+11,3.19E+11,3.15E+11,3.04E+11,2.98E+11,3.37E+11,3.49E+11,3.61E+11,3.41E+11,3.43E+11,3.68E+11,3.42E+11,3.67E+11,4.68E+11,5.83E+11,6.85E+11,7.99E+11,9.29E+11,1.06E+12,1.01E+12,1.36E+12,1.53E+12,1.60E+12,1.68E+12,1.75E+12,1.57E+12
2.35E+11,2.64E+11,2.82E+11,2.03E+11,2.09E+11,2.23E+11,2.68E+11,2.94E+11,3.30E+11,4.26E+11,4.62E+11,6.03E+11,4.01E+11,4.38E+11,5.58E+11,7.86E+11,8.50E+11,8.83E+11,8.64E+11,5.99E+11,6.55E+11,5.59E+11,5.08E+11,5.58E+11,6.69E+11,8.92E+11,1.11E+12,1.40E+12,1.70E+12,1.67E+12,2.21E+12,2.61E+12,2.46E+12,2.47E+12,2.42E+12,1.77E+12
4.76E+11,4.29E+11,4.26E+11,4.42E+11,4.36E+11,4.51E+11,6.38E+11,8.03E+11,8.89E+11,9.26E+11,1.18E+12,1.24E+12,1.32E+12,1.06E+12,1.10E+12,1.17E+12,1.31E+12,1.24E+12,1.27E+12,1.25E+12,1.14E+12,1.16E+12,1.27E+12,1.57E+12,1.80E+12,1.85E+12,1.94E+12,2.20E+12,2.39E+12,2.19E+12,2.13E+12,2.28E+12,2.07E+12,2.13E+12,2.14E+12,1.81E+12
1.90E+11,1.97E+11,2.04E+11,2.22E+11,2.16E+11,2.37E+11,2.53E+11,2.84E+11,3.02E+11,3.01E+11,3.27E+11,2.75E+11,2.93E+11,2.84E+11,3.33E+11,3.67E+11,4.00E+11,4.23E+11,4.29E+11,4.67E+11,4.77E+11,4.94E+11,5.24E+11,6.18E+11,7.22E+11,8.34E+11,9.49E+11,1.24E+12,1.22E+12,1.37E+12,1.71E+12,1.82E+12,1.82E+12,1.86E+12,2.04E+12,2.07E+12
2.95E+11,3.05E+11,2.92E+11,2.62E+11,2.61E+11,2.72E+11,2.98E+11,3.38E+11,3.33E+11,3.10E+11,3.26E+11,3.37E+11,3.27E+11,3.20E+11,3.15E+11,3.67E+11,4.05E+11,4.20E+11,4.19E+11,4.30E+11,4.73E+11,4.63E+11,4.97E+11,5.61E+11,6.52E+11,7.55E+11,9.04E+11,1.05E+12,1.27E+12,1.25E+12,1.58E+12,1.80E+12,1.94E+12,2.10E+12,2.27E+12,2.22E+12
7.04E+11,6.18E+11,5.87E+11,5.62E+11,5.33E+11,5.55E+11,7.75E+11,9.38E+11,1.02E+12,1.03E+12,1.28E+12,1.28E+12,1.41E+12,1.33E+12,1.40E+12,1.61E+12,1.61E+12,1.46E+12,1.51E+12,1.50E+12,1.37E+12,1.38E+12,1.50E+12,1.85E+12,2.12E+12,2.20E+12,2.33E+12,2.66E+12,2.92E+12,2.69E+12,2.65E+12,2.86E+12,2.68E+12,2.81E+12,2.83E+12,2.42E+12
3.38E+11,3.48E+11,3.24E+11,3.04E+11,3.08E+11,3.04E+11,2.89E+11,3.13E+11,3.07E+11,3.22E+11,4.46E+11,4.39E+11,4.70E+11,4.76E+11,4.87E+11,5.23E+11,5.77E+11,6.12E+11,5.91E+11,6.43E+11,7.34E+11,7.22E+11,7.28E+11,8.22E+11,9.64E+11,1.18E+12,1.40E+12,1.64E+12,2.08E+12,1.80E+12,2.10E+12,2.50E+12,2.77E+12,2.85E+12,2.87E+12,2.53E+12
2.39E+11,2.53E+11,2.62E+11,2.77E+11,2.76E+11,3.00E+11,3.18E+11,3.53E+11,3.79E+11,3.83E+11,4.12E+11,3.66E+11,3.89E+11,3.85E+11,4.37E+11,4.85E+11,5.31E+11,5.57E+11,5.65E+11,6.05E+11,6.29E+11,6.46E+11,6.79E+11,7.93E+11,9.20E+11,1.05E+12,1.20E+12,1.53E+12,1.55E+12,1.71E+12,2.09E+12,2.26E+12,2.30E+12,2.36E+12,2.58E+12,2.67E+12
2.39E+11,2.53E+11,2.62E+11,2.77E+11,2.76E+11,3.00E+11,3.18E+11,3.53E+11,3.79E+11,3.83E+11,4.12E+11,3.66E+11,3.89E+11,3.85E+11,4.37E+11,4.85E+11,5.31E+11,5.57E+11,5.65E+11,6.05E+11,6.29E+11,6.46E+11,6.79E+11,7.93E+11,9.20E+11,1.05E+12,1.20E+12,1.53E+12,1.55E+12,1.71E+12,2.09E+12,2.26E+12,2.30E+12,2.36E+12,2.58E+12,2.67E+12
5.65E+11,5.41E+11,5.15E+11,4.90E+11,4.61E+11,4.89E+11,6.01E+11,7.45E+11,9.10E+11,9.27E+11,1.09E+12,1.14E+12,1.18E+12,1.06E+12,1.14E+12,1.24E+12,1.31E+12,1.45E+12,1.54E+12,1.57E+12,1.55E+12,1.54E+12,1.68E+12,1.94E+12,2.30E+12,2.42E+12,2.59E+12,2.97E+12,2.79E+12,2.31E+12,2.40E+12,2.59E+12,2.63E+12,2.71E+12,2.99E+12,2.85E+12
3.99E+11,4.13E+11,4.11E+11,4.17E+11,4.23E+11,4.29E+11,4.38E+11,4.06E+11,4.03E+11,4.15E+11,5.44E+11,5.45E+11,5.93E+11,5.96E+11,6.21E+11,7.08E+11,8.01E+11,8.32E+11,8.08E+11,8.66E+11,9.66E+11,9.69E+11,9.65E+11,1.09E+12,1.26E+12,1.52E+12,1.78E+12,2.12E+12,2.64E+12,2.36E+12,2.74E+12,3.29E+12,3.56E+12,3.58E+12,3.53E+12,3.11E+12
9.47E+11,7.97E+11,7.74E+11,7.68E+11,7.22E+11,7.30E+11,1.04E+12,1.29E+12,1.40E+12,1.39E+12,1.76E+12,1.86E+12,2.12E+12,2.07E+12,2.21E+12,2.59E+12,2.50E+12,2.22E+12,2.24E+12,2.20E+12,1.95E+12,1.95E+12,2.08E+12,2.51E+12,2.82E+12,2.86E+12,3.00E+12,3.44E+12,3.75E+12,3.42E+12,3.42E+12,3.76E+12,3.54E+12,3.75E+12,3.87E+12,3.36E+12
1.09E+12,1.20E+12,1.12E+12,1.22E+12,1.29E+12,1.38E+12,2.05E+12,2.49E+12,3.02E+12,3.02E+12,3.10E+12,3.54E+12,3.85E+12,4.41E+12,4.85E+12,5.33E+12,4.71E+12,4.32E+12,3.91E+12,4.43E+12,4.73E+12,4.16E+12,3.98E+12,4.30E+12,4.66E+12,4.57E+12,4.36E+12,4.36E+12,4.85E+12,5.04E+12,5.50E+12,5.91E+12,5.96E+12,4.91E+12,4.60E+12,4.12E+12
6.32E+11,7.39E+11,6.84E+11,5.80E+11,5.93E+11,6.06E+11,5.95E+11,6.28E+11,7.19E+11,8.48E+11,9.38E+11,1.15E+12,1.02E+12,1.21E+12,1.40E+12,1.50E+12,1.62E+12,1.78E+12,1.79E+12,1.58E+12,1.79E+12,1.74E+12,1.69E+12,1.71E+12,1.96E+12,2.38E+12,2.80E+12,3.31E+12,3.85E+12,3.62E+12,4.50E+12,5.07E+12,5.09E+12,5.21E+12,5.22E+12,4.26E+12
7.33E+11,8.48E+11,7.89E+11,6.95E+11,6.80E+11,7.01E+11,7.11E+11,7.47E+11,8.56E+11,9.39E+11,1.10E+12,1.37E+12,1.29E+12,1.49E+12,1.71E+12,1.82E+12,1.97E+12,2.16E+12,2.17E+12,1.94E+12,2.15E+12,2.09E+12,1.85E+12,1.91E+12,2.23E+12,2.72E+12,3.20E+12,3.80E+12,4.43E+12,4.16E+12,5.18E+12,5.89E+12,5.96E+12,6.12E+12,6.04E+12,4.97E+12
7.73E+11,8.90E+11,8.33E+11,7.40E+11,7.30E+11,7.50E+11,7.64E+11,8.04E+11,9.18E+11,1.00E+12,1.17E+12,1.44E+12,1.35E+12,1.56E+12,1.79E+12,1.91E+12,2.06E+12,2.25E+12,2.27E+12,2.05E+12,2.26E+12,2.20E+12,1.98E+12,2.04E+12,2.37E+12,2.87E+12,3.37E+12,3.98E+12,4.62E+12,4.34E+12,5.37E+12,6.09E+12,6.17E+12,6.34E+12,6.25E+12,5.15E+12
6.48E+11,6.85E+11,6.88E+11,6.73E+11,6.69E+11,7.03E+11,7.30E+11,8.03E+11,8.43E+11,8.56E+11,9.19E+11,8.84E+11,9.30E+11,9.30E+11,1.01E+12,1.14E+12,1.25E+12,1.29E+12,1.17E+12,1.27E+12,1.34E+12,1.35E+12,1.45E+12,1.66E+12,1.90E+12,2.18E+12,2.58E+12,3.17E+12,3.53E+12,3.63E+12,4.60E+12,5.12E+12,5.36E+12,5.57E+12,5.86E+12,5.82E+12
1.30E+12,1.46E+12,1.38E+12,1.40E+12,1.38E+12,1.41E+12,1.43E+12,1.44E+12,1.55E+12,1.59E+12,1.83E+12,1.93E+12,2.12E+12,2.32E+12,2.43E+12,2.49E+12,2.72E+12,2.90E+12,2.86E+12,3.03E+12,3.28E+12,3.25E+12,3.15E+12,3.52E+12,4.11E+12,4.79E+12,5.49E+12,6.52E+12,7.34E+12,7.06E+12,8.55E+12,9.53E+12,9.97E+12,1.02E+13,1.03E+13,9.84E+12
1.90E+11,1.94E+11,2.04E+11,2.29E+11,2.58E+11,3.07E+11,2.99E+11,2.71E+11,3.11E+11,3.46E+11,3.59E+11,3.81E+11,4.25E+11,4.43E+11,5.62E+11,7.32E+11,8.61E+11,9.58E+11,1.03E+12,1.09E+12,1.21E+12,1.33E+12,1.46E+12,1.65E+12,1.94E+12,2.27E+12,2.73E+12,3.52E+12,4.56E+12,5.06E+12,6.04E+12,7.49E+12,8.46E+12,9.49E+12,1.04E+13,1.09E+13
2.96E+12,2.57E+12,2.49E+12,2.43E+12,2.33E+12,2.39E+12,3.36E+12,4.15E+12,4.57E+12,4.67E+12,5.87E+12,6.10E+12,6.74E+12,6.17E+12,6.52E+12,7.52E+12,7.61E+12,6.96E+12,7.15E+12,7.12E+12,6.49E+12,6.59E+12,7.17E+12,8.85E+12,1.02E+13,1.05E+13,1.12E+13,1.29E+13,1.41E+13,1.29E+13,1.26E+13,1.36E+13,1.26E+13,1.32E+13,1.34E+13,1.15E+13
3.79E+11,4.06E+11,4.23E+11,4.43E+11,4.79E+11,5.24E+11,5.21E+11,5.14E+11,5.75E+11,6.24E+11,6.69E+11,7.29E+11,8.16E+11,8.83E+11,1.06E+12,1.31E+12,1.51E+12,1.56E+12,1.43E+12,1.57E+12,1.73E+12,1.84E+12,2.04E+12,2.31E+12,2.68E+12,3.09E+12,3.72E+12,4.70E+12,5.94E+12,6.44E+12,7.81E+12,9.54E+12,1.06E+13,1.17E+13,1.26E+13,1.30E+13
3.80E+11,4.06E+11,4.24E+11,4.44E+11,4.80E+11,5.25E+11,5.22E+11,5.15E+11,5.76E+11,6.25E+11,6.71E+11,7.31E+11,8.17E+11,8.85E+11,1.06E+12,1.31E+12,1.51E+12,1.56E+12,1.43E+12,1.57E+12,1.73E+12,1.85E+12,2.05E+12,2.31E+12,2.68E+12,3.10E+12,3.73E+12,4.71E+12,5.95E+12,6.45E+12,7.82E+12,9.55E+12,1.07E+13,1.17E+13,1.26E+13,1.31E+13
3.86E+12,3.42E+12,3.29E+12,3.19E+12,3.06E+12,3.16E+12,4.34E+12,5.37E+12,5.98E+12,6.11E+12,7.58E+12,7.86E+12,8.57E+12,7.81E+12,8.30E+12,9.53E+12,9.74E+12,9.18E+12,9.50E+12,9.49E+12,8.82E+12,8.92E+12,9.73E+12,1.19E+13,1.37E+13,1.43E+13,1.53E+13,1.77E+13,1.90E+13,1.70E+13,1.69E+13,1.83E+13,1.72E+13,1.80E+13,1.85E+13,1.62E+13
2.86E+12,3.21E+12,3.34E+12,3.64E+12,4.04E+12,4.35E+12,4.59E+12,4.87E+12,5.25E+12,5.66E+12,5.98E+12,6.17E+12,6.54E+12,6.88E+12,7.31E+12,7.66E+12,8.10E+12,8.61E+12,9.09E+12,9.66E+12,1.03E+13,1.06E+13,1.10E+13,1.15E+13,1.23E+13,1.31E+13,1.39E+13,1.45E+13,1.47E+13,1.44E+13,1.50E+13,1.55E+13,1.62E+13,1.67E+13,1.73E+13,1.79E+13
1.20E+12,1.27E+12,1.31E+12,1.21E+12,1.27E+12,1.36E+12,1.44E+12,1.52E+12,1.68E+12,1.90E+12,2.02E+12,2.22E+12,2.07E+12,2.15E+12,2.46E+12,3.02E+12,3.31E+12,3.47E+12,3.34E+12,3.09E+12,3.40E+12,3.51E+12,3.71E+12,4.24E+12,5.09E+12,6.14E+12,7.41E+12,9.33E+12,1.16E+13,1.12E+13,1.34E+13,1.64E+13,1.75E+13,1.88E+13,1.95E+13,1.81E+13
3.14E+12,3.52E+12,3.66E+12,3.98E+12,4.40E+12,4.71E+12,4.97E+12,5.30E+12,5.76E+12,6.22E+12,6.58E+12,6.79E+12,7.13E+12,7.46E+12,7.89E+12,8.27E+12,8.73E+12,9.26E+12,9.72E+12,1.03E+13,1.10E+13,1.14E+13,1.17E+13,1.24E+13,1.33E+13,1.43E+13,1.52E+13,1.59E+13,1.63E+13,1.58E+13,1.66E+13,1.73E+13,1.80E+13,1.85E+13,1.91E+13,1.95E+13
1.55E+12,1.69E+12,1.66E+12,1.61E+12,1.68E+12,1.77E+12,1.83E+12,1.82E+12,2.00E+12,2.25E+12,2.52E+12,2.76E+12,2.63E+12,2.87E+12,3.13E+12,3.52E+12,3.84E+12,4.09E+12,4.02E+12,3.80E+12,4.22E+12,4.29E+12,4.47E+12,5.01E+12,6.01E+12,7.24E+12,8.62E+12,1.07E+13,1.31E+13,1.26E+13,1.53E+13,1.83E+13,1.96E+13,2.08E+13,2.13E+13,1.97E+13
4.55E+12,4.05E+12,3.90E+12,3.78E+12,3.64E+12,3.76E+12,5.14E+12,6.35E+12,7.06E+12,7.22E+12,8.83E+12,9.12E+12,9.78E+12,8.99E+12,9.40E+12,1.07E+13,1.10E+13,1.04E+13,1.07E+13,1.05E+13,9.92E+12,1.00E+13,1.10E+13,1.34E+13,1.56E+13,1.66E+13,1.80E+13,2.10E+13,2.31E+13,2.03E+13,2.08E+13,2.31E+13,2.22E+13,2.31E+13,2.34E+13,2.00E+13
1.80E+12,1.99E+12,1.95E+12,2.07E+12,2.22E+12,2.35E+12,3.06E+12,3.58E+12,4.31E+12,4.51E+12,4.72E+12,5.32E+12,5.81E+12,6.51E+12,7.26E+12,8.20E+12,7.88E+12,7.57E+12,6.75E+12,7.54E+12,8.13E+12,7.57E+12,7.70E+12,8.47E+12,9.50E+12,1.01E+13,1.07E+13,1.20E+13,1.39E+13,1.43E+13,1.67E+13,1.93E+13,2.07E+13,2.09E+13,2.15E+13,2.13E+13
2.14E+12,2.32E+12,2.30E+12,2.27E+12,2.31E+12,2.43E+12,2.52E+12,2.57E+12,2.82E+12,3.04E+12,3.44E+12,3.71E+12,3.70E+12,3.96E+12,4.33E+12,4.85E+12,5.29E+12,5.60E+12,5.44E+12,5.28E+12,5.74E+12,5.82E+12,5.91E+12,6.67E+12,7.95E+12,9.50E+12,1.13E+13,1.40E+13,1.68E+13,1.63E+13,1.98E+13,2.33E+13,2.47E+13,2.61E+13,2.67E+13,2.50E+13
2.20E+12,2.38E+12,2.35E+12,2.29E+12,2.36E+12,2.48E+12,2.56E+12,2.64E+12,2.85E+12,3.10E+12,3.44E+12,3.64E+12,3.56E+12,3.80E+12,4.14E+12,4.65E+12,5.08E+12,5.37E+12,5.18E+12,5.07E+12,5.55E+12,5.64E+12,5.92E+12,6.67E+12,7.91E+12,9.42E+12,1.12E+13,1.39E+13,1.67E+13,1.63E+13,1.99E+13,2.34E+13,2.49E+13,2.64E+13,2.72E+13,2.56E+13
2.26E+12,2.44E+12,2.42E+12,2.35E+12,2.42E+12,2.54E+12,2.64E+12,2.72E+12,2.93E+12,3.19E+12,3.53E+12,3.73E+12,3.65E+12,3.89E+12,4.21E+12,4.74E+12,5.17E+12,5.47E+12,5.28E+12,5.16E+12,5.66E+12,5.74E+12,6.03E+12,6.79E+12,8.04E+12,9.58E+12,1.14E+13,1.41E+13,1.69E+13,1.65E+13,2.02E+13,2.38E+13,2.53E+13,2.68E+13,2.76E+13,2.60E+13
2.42E+12,2.61E+12,2.58E+12,2.52E+12,2.56E+12,2.69E+12,2.81E+12,2.90E+12,3.14E+12,3.34E+12,3.76E+12,4.05E+12,4.02E+12,4.28E+12,4.64E+12,5.22E+12,5.70E+12,6.02E+12,5.86E+12,5.71E+12,6.22E+12,6.29E+12,6.40E+12,7.23E+12,8.60E+12,1.03E+13,1.22E+13,1.51E+13,1.81E+13,1.76E+13,2.14E+13,2.51E+13,2.67E+13,2.82E+13,2.90E+13,2.72E+13
8.52E+12,8.61E+12,8.57E+12,8.89E+12,9.30E+12,9.81E+12,1.20E+13,1.39E+13,1.56E+13,1.63E+13,1.83E+13,1.93E+13,2.07E+13,2.09E+13,2.24E+13,2.47E+13,2.48E+13,2.43E+13,2.44E+13,2.56E+13,2.60E+13,2.58E+13,2.69E+13,3.02E+13,3.36E+13,3.54E+13,3.72E+13,4.06E+13,4.29E+13,4.04E+13,4.22E+13,4.52E+13,4.52E+13,4.55E+13,4.63E+13,4.36E+13
8.75E+12,8.91E+12,8.77E+12,9.06E+12,9.48E+12,1.00E+13,1.21E+13,1.40E+13,1.58E+13,1.66E+13,1.87E+13,1.98E+13,2.12E+13,2.15E+13,2.30E+13,2.52E+13,2.54E+13,2.51E+13,2.53E+13,2.66E+13,2.71E+13,2.69E+13,2.81E+13,3.14E+13,3.50E+13,3.70E+13,3.90E+13,4.27E+13,4.51E+13,4.22E+13,4.43E+13,4.76E+13,4.74E+13,4.79E+13,4.88E+13,4.58E+13
8.89E+12,9.03E+12,8.95E+12,9.23E+12,9.63E+12,1.01E+13,1.23E+13,1.42E+13,1.60E+13,1.68E+13,1.89E+13,2.00E+13,2.15E+13,2.17E+13,2.32E+13,2.56E+13,2.59E+13,2.55E+13,2.55E+13,2.68E+13,2.74E+13,2.71E+13,2.83E+13,3.17E+13,3.53E+13,3.73E+13,3.94E+13,4.31E+13,4.58E+13,4.29E+13,4.50E+13,4.86E+13,4.86E+13,4.91E+13,5.00E+13,4.70E+13
1.12E+13,1.14E+13,1.13E+13,1.16E+13,1.20E+13,1.27E+13,1.50E+13,1.71E+13,1.91E+13,2.01E+13,2.26E+13,2.39E+13,2.54E+13,2.58E+13,2.77E+13,3.07E+13,3.13E+13,3.12E+13,3.11E+13,3.23E+13,3.33E+13,3.31E+13,3.44E+13,3.87E+13,4.36E+13,4.71E+13,5.11E+13,5.76E+13,6.31E+13,5.98E+13,6.56E+13,7.28E+13,7.44E+13,7.64E+13,7.81E+13,7.34E+13
